Year,Age dependency ratio (% of working-age population),"Age dependency ratio, old (% of working-age population)","Age dependency ratio, young (% of working-age population)","Population ages 00-04, female (% of female population)","Population ages 00-04, male (% of male population)",Population ages 0-14 (% of total population),"Population ages 0-14, female","Population ages 0-14, female (% of female population)","Population ages 0-14, male","Population ages 0-14, male (% of male population)","Population ages 0-14, total","Population ages 05-09, female (% of female population)","Population ages 05-09, male (% of male population)","Population ages 10-14, female (% of female population)","Population ages 10-14, male (% of male population)","Population ages 15-19, female (% of female population)","Population ages 15-19, male (% of male population)",Population ages 15-64 (% of total population),"Population ages 15-64, female","Population ages 15-64, female (% of female population)","Population ages 15-64, male","Population ages 15-64, male (% of male population)","Population ages 15-64, total","Population ages 20-24, female (% of female population)","Population ages 20-24, male (% of male population)","Population ages 25-29, female (% of female population)","Population ages 25-29, male (% of male population)","Population ages 30-34, female (% of female population)","Population ages 30-34, male (% of male population)","Population ages 35-39, female (% of female population)","Population ages 35-39, male (% of male population)","Population ages 40-44, female (% of female population)","Population ages 40-44, male (% of male population)","Population ages 45-49, female (% of female population)","Population ages 45-49, male (% of male population)","Population ages 50-54, female (% of female population)","Population ages 50-54, male (% of male population)","Population ages 55-59, female (% of female population)","Population ages 55-59, male (% of male population)","Population ages 60-64, female (% of female population)","Population ages 60-64, male (% of male population)",Population ages 65 and above (% of total population),"Population ages 65 and above, female","Population ages 65 and above, female (% of female population)","Population ages 65 and above, male","Population ages 65 and above, male (% of male population)","Population ages 65 and above, total","Population ages 65-69, female (% of female population)","Population ages 65-69, male (% of male population)","Population ages 70-74, female (% of female population)","Population ages 70-74, male (% of male population)","Population ages 75-79, female (% of female population)","Population ages 75-79, male (% of male population)","Population ages 80 and above, female (% of female population)","Population ages 80 and above, male (% of male population)",Population growth (annual %),"Population, female","Population, female (% of total population)","Population, male","Population, male (% of total population)","Population, total",Sex ratio at birth (male births per female births),POP,NMR,DEATHS,BIRTHS
1960,84.5230393659959,9.10812921438835,75.4149101516076,16.9844695431886,18.3051069097082,40.8701864063838,6608705.0,39.742503507016,6763391.0,42.03565745238,13372096.0,13.2285060222894,13.9825242957399,9.52952794153808,9.74802624693188,7.23372912636136,7.28861941824472,54.1937730506334,9105182.0,54.7554698595672,8626186.0,53.6132540343321,17731369.0,6.99190483215004,7.01169919647734,7.36684148576125,7.23523728170131,6.35056906360522,6.14750089063455,5.92676541055947,5.74623988138463,5.05002192279676,5.03017715982919,4.79284174831763,4.75096043096519,4.09314942519335,3.98370952957839,3.92303501711999,3.70030066529717,3.02661182770215,2.71880958021963,4.93604054298275,914921.0,5.50202663341674,700075.0,4.35108851328792,1614996.0,2.32713599633022,1.98410133419915,1.6021682611184,1.2842633265157,0.942716342463251,0.691680590729992,0.630006033504865,0.391043261843078,,16628809.0,50.823933925254,16089652.0,49.176066074746,32718461.0,1.064,31656282,,,
1961,87.1404049163484,9.37154141837608,77.7688634979723,16.9224884975356,18.239311029229,41.5564251751068,6898589.0,40.3756493798655,7073506.0,42.7764775819018,13972094.0,13.4806819320775,14.2585950506683,9.97247895025244,10.2785715020044,7.21796264634595,7.2545638387104,53.4358139053817,9232879.0,54.0376462910817,8733301.0,52.8139625313786,17966180.0,6.74369166006404,6.75777411303964,7.17548638103829,7.06104933668845,6.33306044930027,6.12023667193397,5.86033751292175,5.65040938027827,5.02078527684561,4.96543595567723,4.7137709866477,4.66449201347124,4.04853970462681,3.93810281465194,3.85567434180444,3.63906381058988,3.06833733148679,2.76283459633756,5.00776091951151,954545.0,5.58670432905279,729164.0,4.40955988671968,1683708.0,2.33898049647336,1.99276788721799,1.62747452045935,1.30337379663848,0.965052553953124,0.708095745214826,0.655196758166951,0.405322457648387,2.72406040709517,17086013.0,50.8179827114297,16535970.0,49.182020262815,33621982.0,1.064,32701357,,,
1962,89.5569192944029,9.61333425841477,79.9435850359881,16.6891399802657,17.9944218814661,42.1739214221416,7183629.0,40.9356443222238,7380666.0,43.4532643144244,14564295.0,13.7992271345538,14.6083109409273,10.4472772074044,10.850531492031,7.25721491665015,7.2725369476907,52.7546021931472,9371161.0,53.4012174139446,8847054.0,52.0865428493832,18218216.0,6.55101009103779,6.55431282714692,6.90449715009891,6.80534758974188,6.3778053070527,6.15698683396587,5.74621900566778,5.51859646610831,5.04190891901495,4.93964868556611,4.5953973001195,4.5404593160779,4.05508328118527,3.9406434871289,3.7387615980462,3.52947022357042,3.13331984507133,2.82854047238621,5.07147638471121,993801.0,5.6631382638316,757577.0,4.46019283619238,1751378.0,2.34211959404263,1.99358598204082,1.65272523438704,1.32222003536353,0.988221761273547,0.725124205952949,0.680071674128377,0.419262612835089,2.67610525144357,17548591.0,50.8155655449058,16985297.0,49.1844315593879,34533889.0,1.064,33796140,,,
1963,92.1088804551945,9.82575259762929,82.2831278575652,16.5054703677049,17.8094414717703,42.8315068258328,7498081.0,41.532785855741,7718551.0,44.1733426286452,15216632.0,14.0743718531728,14.9162456177129,10.9529436348633,11.447655539162,7.35837745821044,7.36547014851124,52.0538128941628,9523251.0,52.7504496728525,8969765.0,51.3340492245766,18493016.0,6.39957204742984,6.38527030159601,6.57608448047397,6.48342563545935,6.42636478082179,6.19945277156617,5.60389932036357,5.3636902353642,5.0720023552347,4.91620527049675,4.45672498577484,4.39313938226237,4.07420983385265,3.95308002206449,3.59373530834423,3.39006752836302,3.1894791023465,2.88424792889298,5.1146802800044,1032071.0,5.71676447140643,785008.0,4.49260814677825,1817078.0,2.33734610414851,1.98799032204776,1.67036103028224,1.33457144918244,1.00742228507895,0.738929217505232,0.701635051896727,0.431117158042821,2.83441546925074,18053403.0,50.8163980318255,17473324.0,49.1836019681746,35526727.0,1.064,34932464,,,
1964,93.5543345549819,9.99767262964752,83.5566619253344,16.2862377235951,17.5874279040222,43.1696152686698,7761986.0,41.8327633909951,7998880.0,44.5511746029447,15760867.0,14.2797300817185,15.1531869826641,11.2667955856816,11.8105597162584,7.71215762432591,7.76244105542022,51.6650791201311,9720739.0,52.3893465631887,9141750.0,50.9165904781372,18862490.0,6.29565900491199,6.26227661072948,6.26919685099291,6.17674866251187,6.41653338130654,6.18962575396011,5.50075692000146,5.24784084538774,5.081121592196,4.87730977954386,4.35154761293317,4.27232597755476,4.07219403754317,3.94315811224736,3.4782803652812,3.27860383811959,3.21189917369634,2.90625984266222,5.16530561119912,1072076.0,5.77789004581618,813734.0,4.53223491891805,1885810.0,2.34517470707447,1.99483523923013,1.68429723390728,1.34348388261016,1.02550816901782,0.751301981440168,0.722909935816612,0.44261381563759,2.72780658960257,18554801.0,50.8223085676622,17954365.0,49.1776914323379,36509166.0,1.064,36099052,,,
1965,94.000445103412,10.1435940060374,83.8568510973746,15.9956850493481,17.2878441261874,43.2250806509579,7973396.0,41.8662053929217,8221346.0,44.6299729199588,16194742.0,14.427707341037,15.3317563581803,11.4428130025366,12.0103724355912,8.24779992150673,8.37625799479256,51.5462734462431,9957050.0,52.281850845937,9355316.0,50.7857864214259,19312366.0,6.24028826966189,6.18727193820857,6.01657274367102,5.91919665738231,6.32943790781654,6.10806670589155,5.44760550771857,5.18044724885657,5.06296014341443,4.82053450408299,4.29163212885015,4.188789923138,4.04123498279373,3.90377485769536,3.40659940455067,3.20879311892432,3.19771983595332,2.89265347245363,5.22864590279895,1114500.0,5.85194376114124,844469.0,4.58424065861535,1958968.0,2.36670931927844,2.01500380147658,1.69760527799883,1.35187678346469,1.04295126494324,0.762827734007545,0.74467789892074,0.45453233966654,2.58725578835246,19044946.0,50.8325064297498,18421131.0,49.1674935702502,37466077.0,1.064,37258369,,,
1966,94.6200880916208,10.3196344115099,84.3004536801109,15.8258269957767,17.1171984078861,43.3153916267521,8184933.0,41.9302795389537,8443071.0,44.748402065384,16628004.0,14.4158079021017,15.3425997203765,11.6886446410753,12.2886039371214,8.65240374801902,8.85744584385154,51.3821574384427,10176644.0,52.1335426637197,9548047.0,50.6047886747586,19724691.0,6.24097783960047,6.16602407961068,5.81538327319477,5.70678573892132,6.17876836510801,5.96495476450537,5.44538200503029,5.1628637602286,5.01773317096935,4.74595133849624,4.27609131880577,4.140777087654,3.98246423851717,3.83755528544913,3.37646552594362,3.17605512630293,3.1478731785312,2.84637564973876,5.30245093480524,1158762.0,5.93617779732662,876754.0,4.64680925985742,2035516.0,2.4031678549017,2.04904405883833,1.70753698763984,1.3576279656134,1.0594693324606,0.773680274428411,0.76600362232448,0.466456960977289,2.431447096647,19520339.0,50.8498286322806,18867872.0,49.1501739726859,38388210.0,1.064,38378468,,,
1967,94.7946317746532,10.4972329116183,84.2973988630349,15.6063344111898,16.8931716615027,43.2750125475516,8366354.0,41.8656832967545,8633181.0,44.7343677173125,16999534.0,14.2591180986158,15.2010659749471,12.000230786949,12.6401300808627,9.0932434818825,9.38437511415886,51.3361169601862,10411633.0,52.1003664018038,9754510.0,50.5447395208968,20166143.0,6.29452387906824,6.19544048544039,5.66564445529101,5.54167067167252,5.96278015006056,5.75707046538989,5.5005081866566,5.20326559756544,4.93456724619778,4.64421946171167,4.30625328046985,4.127929947849,3.89270828834898,3.74279908584824,3.39088928986926,3.18396021714343,3.05924814395902,2.76400847411739,5.38887049226217,1205812.0,6.03395030144168,911074.0,4.72089276179072,2116887.0,2.45894686991197,2.09994784640364,1.71165152331646,1.35835894162139,1.07613172050019,0.784418070275482,0.787220187713057,0.478167903490198,2.30303751050948,19983799.0,50.8719313739297,19298765.0,49.1280686260703,39282564.0,1.064,39463910,,,
1968,94.4760807272699,10.6144426511359,83.861638076134,15.2019130787166,16.4811175402601,43.1218270169774,8518718.0,41.6772638827526,8792664.0,44.6202095316942,17311381.0,14.1693404022809,15.1431070505319,12.3060104017552,12.9959849409022,9.58709642036009,9.96076590148681,51.4202047107074,10671434.0,52.2092874690795,9971355.0,50.6017234828561,20642789.0,6.41796353067105,6.30054315119035,5.56408700929834,5.41599344306986,5.70918926569628,5.50445323485556,5.5721717566287,5.25977613529743,4.83741377421275,4.53235718258849,4.35346642531637,4.1252716301483,3.79323379790338,3.63557996287647,3.42234815456285,3.20483357922836,2.9523173344297,2.66214926211446,5.45796827231511,1249572.0,6.11344864816787,941545.0,4.77806698544974,2191117.0,2.51032260783763,2.14485878936826,1.71089643164694,1.35519599211654,1.08748291042195,0.790756397064118,0.804746698261354,0.487255806900823,2.17242923906294,20439724.0,50.9143800615998,19705563.0,49.0856199384002,40145287.0,1.064,40511528,,,
1969,93.8696968847596,10.6602968396007,83.2094000451589,14.8583659171964,16.1388528170223,42.920272436044,8661932.0,41.4367067789105,8942189.0,44.4622716838132,17604121.0,14.0347032970902,15.0381165697429,12.543637564624,13.285302297048,9.90981968625347,10.3330214609223,51.581036996294,10953616.0,52.3995972447006,10202793.0,50.7302359001459,21156409.0,6.76110055066952,6.66430752764401,5.50118427049971,5.32465748936063,5.4693291353505,5.25865165011863,5.59049250268178,5.26772838530027,4.77022636041854,4.44856733020725,4.37963140848396,4.10536431320091,3.71841610470107,3.54570192101107,3.43300672292127,3.20365991066862,2.86639050272082,2.57857591171218,5.49869056766205,1288459.0,6.16369597638883,966876.0,4.80749241604094,2255336.0,2.53202400228703,2.16121266176465,1.71733095394912,1.35851701809535,1.09441452567374,0.793310632628305,0.819926494478954,0.494452103552646,2.1453894381843,20904008.0,50.9656641399615,20111857.0,49.0343358600386,41015865.0,1.064,41542068,,,
1970,92.9833952403733,10.6555576737927,82.3278375665806,14.6211303393459,15.9067227058889,42.6605812940463,8800272.0,41.1481353633542,9086818.0,44.2352247276695,17887091.0,13.8152760761512,14.830965433279,12.7117289478572,13.4975365885016,10.0978886166156,10.551183789381,51.8179303206955,11261439.0,52.6560100192607,10465222.0,50.9453856118776,21726662.0,7.2577008045731,7.21351154931489,5.47377396088687,5.27060091059112,5.26830617426187,5.04897006095938,5.5339372180724,5.20924624773166,4.74008334343497,4.40078958074322,4.37699502368458,4.06582043137778,3.67757085764203,3.48297425752388,3.41549340639083,3.17586261267807,2.81426061369842,2.52642617157662,5.52148838525818,1325095.0,6.19585461738504,990001.0,4.81938966045292,2315097.0,2.52379650398967,2.15024641417082,1.73464880160351,1.37147277624458,1.10195034953207,0.79613315930973,0.835458962259795,0.50153731072779,2.20151672156355,21386807.0,51.0073791913534,20542041.0,48.9926184236538,41928849.0,1.064,42576676,,,
1971,92.1250424167758,10.6001604450919,81.524881971684,14.5169931403249,15.8177373984752,42.4332410210085,8958849.0,40.895294339147,9252066.0,44.036846850035,18210914.0,13.6692265192324,14.6951937280212,12.7090746795897,13.5239157235386,10.3315361664831,10.816685152856,52.0494342705055,11589897.0,52.9054854234614,10747963.0,51.1568359541821,22337860.0,7.63804774641731,7.64646175003285,5.4963721188706,5.26567601444248,5.10879375306169,4.87702219939587,5.41442037928368,5.0934470978666,4.74679877301087,4.38962650266279,4.34313407453865,4.00472093334793,3.66766102326559,3.44359307835378,3.3676490931775,3.12053951320926,2.79107229535237,2.49906371201459,5.51732470848592,1358051.0,6.19922023739164,1009799.0,4.80631719578292,2367849.0,2.48285058396606,2.11101675580074,1.76042863046766,1.39145828820069,1.10628914210661,0.796303501477892,0.849651880851309,0.507538650303595,2.32851464073448,21906796.0,51.0450123010608,21009828.0,48.9549876989392,42916624.0,1.064,43614366,,,
1972,90.8897591031933,10.4556335627754,80.4341255404179,14.5434538805371,15.8792456907266,42.1364278095903,9100161.0,40.5659605037606,9400267.0,43.7771045040352,18500428.0,13.4591738557976,14.4955420225541,12.5633327674259,13.4023167907545,10.6089326943014,11.1298374506896,52.3862571097598,11950299.0,53.2710777180391,11050421.0,51.4618796678484,23000720.0,8.03884358471682,8.09874809193722,5.55773723764456,5.29120434722219,4.98790030123706,4.73580046777299,5.23118032849513,4.91314159429582,4.79718347034022,4.41933826502534,4.27055743533861,3.91355711567852,3.69138603485272,3.42672299626194,3.28833689248781,3.03591634573102,2.79901973862475,2.49761299323372,5.47731508064988,1382537.0,6.16296177820025,1022334.0,4.76101582811642,2404871.0,2.40602052427548,2.04046961716731,1.79430777337303,1.41812592987317,1.1024363151842,0.790734047803471,0.860197165367542,0.51168623327247,2.27921610438307,22432997.0,51.0932157160502,21473022.0,48.9067842839498,43906019.0,1.064,44655014,,,
1973,89.5132064226301,10.2854990562815,79.2277073663486,14.6331107815311,16.0096326081333,41.8059027786943,9229768.0,40.2048932937271,9537438.0,43.4815359434067,18767205.0,13.0969207308806,14.1306298301294,12.4748617813154,13.341273505144,10.8657892733654,11.4263933809339,52.7667705365016,12323078.0,53.6793596589076,11364602.0,51.811645277334,23687679.0,8.46194013523863,8.5711684457703,5.6597367384496,5.36566581506884,4.89491851607109,4.61814321888295,5.00594648803281,4.68871484104414,4.85620889907371,4.45919465330662,4.18321956725075,3.81255899964503,3.72856397513986,3.41828203245907,3.20124808186149,2.94303655791934,2.82178798442424,2.50848733230378,5.42732668480404,1403981.0,6.11574704736532,1032415.0,4.70681877925933,2436396.0,2.31858038746861,1.96055484216749,1.828072716058,1.44428942703566,1.09905647894945,0.786292651734117,0.870037464889258,0.515681858322072,2.21921710647356,22956827.0,51.1387211249329,21934454.0,48.8612788750671,44891281.0,1.064,45736496,,,
1974,88.1588791414268,10.1460154320894,78.0128637093374,14.6862008415852,16.0945614626392,41.4611645570117,9357760.0,39.8386900286556,9672375.0,43.1617996469634,19030135.0,12.8003557561288,13.830631667993,12.3521334309416,13.2366065163312,11.0625430079354,11.6631115639731,53.1465756735254,12701877.0,54.0755659071073,11691709.0,52.1728325657968,24393586.0,8.72911419069706,8.87049922816468,5.94878493662035,5.65985572326612,4.83220649624468,4.53115059354321,4.79150680988557,4.47339402674027,4.8689660612936,4.46079003825731,4.12347637733369,3.73893335674,3.74985879103327,3.39929948687554,3.13817358326829,2.86920906525082,2.8309356527954,2.50658948298569,5.39225976946296,1429488.0,6.08574406423705,1045489.0,4.66536778723986,2474977.0,2.25358974107358,1.90037757524429,1.84542638019565,1.45548958027893,1.10570106604016,0.789620132431796,0.881026876927661,0.519880499284837,2.21931618420539,23489125.0,51.1760159296893,22409573.0,48.8239840703107,45898698.0,1.064,46902295,,,
1975,86.7493064633721,10.0545585195497,76.6947479438224,14.6929996428274,16.1170422654006,41.0682908286923,9484423.0,39.443167494424,9805195.0,42.7729534536814,19289618.0,12.5947470772904,13.6166934470328,12.1554207743063,13.0392177412479,11.2029506864496,11.8412085000749,53.5477222125895,13097890.0,54.4706060762517,12053269.0,52.5796691446058,25151159.0,8.88293377039382,9.05672730002718,6.37577186314222,6.12110637835842,4.80288975271747,4.48080831548963,4.61301247500888,4.29322615341426,4.81891750343288,4.4102245343343,4.09823430870625,3.69930249195144,3.74894246060366,3.3677478251172,3.10645797126811,2.82137513590393,2.82049528452886,2.48794250993448,5.38398695871816,1463481.0,6.08622642932426,1065356.0,4.64737740171289,2528838.0,2.21971247404614,1.8674373293301,1.84618769822723,1.45208118986618,1.12434629681294,0.801851471404975,0.895979960237953,0.526007411111625,2.30641739232538,24045794.0,51.194359349244,22923821.0,48.8056385217201,46969616.0,1.064,48075207,,,
1976,85.9381035735841,10.0517607719318,75.8863428016523,14.6703564477314,16.0884494887008,40.8126901132035,9664089.0,39.2057027385444,9992762.0,42.497302390323,19656850.0,12.5099590457507,13.5142244222001,12.0253872450623,12.8946284794221,11.1975881573574,11.8574194871559,53.7813385047104,13477166.0,54.674766643214,12425848.0,52.8447536661603,25903014.0,9.07695391518137,9.29945928727818,6.69284791730334,6.48997309992218,4.80864859172126,4.47086501808666,4.46478640856536,4.14464482615528,4.71173463726802,4.31292208461197,4.10516135672396,3.69348136934909,3.72321351889826,3.32278317831314,3.10386523552558,2.79829917424278,2.78996690466955,2.45490614104504,5.40597138208609,1508446.0,6.11953061824158,1095263.0,4.65794394351675,2603709.0,2.2150572942041,1.85991482262226,1.83200193787341,1.43799793079596,1.15684973217322,0.824789706587037,0.915621653990854,0.535241483511489,2.5102063873586,24649701.0,51.1791369797253,23513873.0,48.8208650965326,48163573.0,1.064,49273016,,,
1977,85.1770316726781,10.0701480752259,75.1068835974522,14.5820616924631,15.9835344126252,40.5595039474363,9853332.0,38.975777014023,10190424.0,42.2182369975208,20043756.0,12.5545669165164,13.5506926920704,11.8391484050434,12.6840098928252,11.0676969352497,11.7341204407599,54.0023776689334,13869324.0,54.8614084673511,12817652.0,53.1026627330353,26686976.0,9.31809841809095,9.5927277948874,7.03656356715729,6.89754524216745,4.85423104312518,4.50035759720365,4.3533322729706,4.02984063009361,4.55028720179226,4.16683290182622,4.15092258084907,3.72645783884847,3.66533591274942,3.25617701888096,3.13063659698401,2.79641924701956,2.73430393838261,2.40218402134803,5.43811838363031,1558000.0,6.16281451862584,1129418.0,4.67910026944389,2687418.0,2.23624330649318,1.87426879833792,1.79383391816123,1.40579222539806,1.1985487560707,0.854898228245991,0.934188537900736,0.544141017461921,2.571477717469,25280657.0,51.1566236291727,24137493.0,48.8433763708273,49418150.0,1.063,50533506,,,
1978,83.986236483161,10.06641784846,73.919818634701,14.4386417845549,15.8199822549143,40.1768199644278,10012653.0,38.6190608862987,10357581.0,41.8070110222924,20370233.0,12.66316979691,13.6592800253274,11.5172493048337,12.3277487420507,10.9835333339517,11.6552675927481,54.3518906300486,14304477.0,55.172737583785,13252725.0,53.4928763045063,27557201.0,9.54714407185809,9.8724118125689,7.41459440392199,7.33987328588811,4.95005700973685,4.58874120064155,4.27628856825903,3.94618972186052,4.3577566711459,3.99029309946723,4.20677338890434,3.77208703225278,3.59605960825383,3.18341501496292,3.16903090467142,2.80184905221936,2.67149962308178,2.34274849189678,5.4712894055236,1609583.0,6.20820152991636,1164441.0,4.70011267320132,2774023.0,2.26815305905649,1.89703656503609,1.74621065999828,1.36566079495506,1.23977157689281,0.883805208662781,0.954066233968778,0.553610104547386,2.56369019574667,25926712.0,51.136028474763,24774747.0,48.8639734975669,50701458.0,1.064,51662728,,,
1979,83.299338576952,10.1047639222249,73.1945746547271,14.3733860810111,15.8024073616368,39.9317172450435,10179748.0,38.3618219293311,10517415.0,41.5786264010737,20697164.0,12.7665136131588,13.8173523845036,11.2219222351612,11.9588666549332,10.8212592827869,11.3722306849462,54.5555710899005,14697068.0,55.385093716233,13579841.0,53.6853548437801,28276910.0,9.70627439867913,10.0348271003039,7.64313180462218,7.63994804715068,5.19071449886022,4.85645246197269,4.21550877521035,3.8777605782336,4.18098981937636,3.82726689649643,4.23689281613612,3.8028551928576,3.55924539075373,3.15104886910757,3.20489474271592,2.81685956458851,2.62618218709202,2.30610544812298,5.51271166505601,1659327.0,6.25308435443589,1197987.0,4.73601875514622,2857315.0,2.28831660153192,1.91644721829922,1.71512481777449,1.34365574809241,1.26918211498283,0.906369987970861,0.980460820146649,0.569545800783736,2.20412634134941,26536144.0,51.1970535846531,25295244.0,48.8029444860141,51831389.0,1.064,52668447,,,
1980,82.9515817003758,10.1373684161443,72.8142132842315,14.3488298087154,15.8307022747814,39.7997182067653,10372640.0,38.1996991720067,10708582.0,41.4827411358941,21081222.0,12.8368879656024,13.9509442863929,11.013981397689,11.7010945747197,10.5887984494797,10.9961896870821,54.6592701126473,15075542.0,55.5192431623465,13876528.0,53.7546843985812,28952070.0,9.80738258249154,10.1050777707832,7.77207420139036,7.8305094377699,5.5485430119472,5.26456662719215,4.17915436494657,3.83232763744271,4.03167182636429,3.68574361746002,4.21274460227793,3.78658985932602,3.55122573799549,3.14512982050643,3.22084010358359,2.81975319612917,2.60680828186986,2.28879674488955,5.54101168058738,1705541.0,6.28105766564681,1229437.0,4.7625744655247,2934978.0,2.28652255162211,1.9189665020844,1.70245531340214,1.33751139110656,1.28152960829718,0.916986862426578,1.01055019232538,0.589109709907164,2.16971240332666,27153723.0,51.2641303935356,25814547.0,48.7358696064644,52968270.0,1.064,53715202,,,
1981,82.7049418399661,10.1247659025776,72.5801759373885,14.2926291088814,15.7683084721523,39.7253490827646,10603507.0,38.110239851379,10959568.0,41.4238540150791,21563076.0,12.8617269215184,13.9922966362563,10.9558838209791,11.6632489066705,10.4601509446209,10.8337734948597,54.7330561012509,15470993.0,55.604549152156,14238325.0,53.8165637571569,29709319.0,9.78490812926405,10.0463887947692,7.94707649273402,8.03839046343004,5.82582002774981,5.59278442134163,4.17975246997111,3.82140460477149,3.90010865193483,3.55570698703736,4.12547951577405,3.70878662694633,3.56332197778258,3.14828205093267,3.20394089109035,2.79000263199238,2.61399005123431,2.28104368107615,5.54159481598457,1748750.0,6.28521099646499,1259249.0,4.75958222776393,3007999.0,2.26213324715601,1.89830394955525,1.70463548103411,1.33923565860389,1.27559143386212,0.912721360112062,1.04285083441275,0.609321259492734,2.44700385722689,27823250.0,51.2583788540665,26457143.0,48.7416193036476,54280394.0,1.064,54902677,,,
1982,82.6954652491738,10.1088452379412,72.5866200112326,14.2598103616012,15.7309912053308,39.7309376108453,10862829.0,38.0977404577963,11240347.0,41.4480831654489,22103176.0,12.8244485346177,13.9650051420404,11.0134815615773,11.7520868180777,10.2877140013182,10.6353277193193,54.73589616422,15859450.0,55.6217153093857,14591308.0,53.8045447934045,30450758.0,9.64909774924324,9.86237245312561,8.15561692978211,8.27179413799467,6.12154513294954,5.94830982305699,4.21056607597057,3.83959112800154,3.79620324437706,3.44955788261177,3.98677910849572,3.5844996838667,3.60950805884371,3.18290078853469,3.15856198430091,2.74034736073546,2.64612302410463,2.28984381615783,5.53316622493471,1790775.0,6.28054423281799,1287445.0,4.74737204114657,3078220.0,2.21810679736189,1.86207701557631,1.72699491034887,1.35598902743762,1.25384146409147,0.89666881810249,1.08160106101575,0.632637180030155,2.45982318782963,28513054.0,51.2528321526582,27119099.0,48.7471678473418,55632153.0,1.064,56142181,,,
1983,82.6625287703823,10.085045661753,72.5774831086293,14.2208196783704,15.6862153908359,39.7330986763544,11126795.0,38.0823729338897,11525618.0,41.4683964542304,22652413.0,12.7313443246601,13.8765687187732,11.1302089308592,11.9056123446213,10.0018759174232,10.3293437599736,54.7457651244041,16257632.0,55.6430854388832,14953719.0,53.8024721789426,31211351.0,9.55662019164819,9.72445036680111,8.35234349694281,8.48363501127169,6.45002940682814,6.33543549131143,4.28609996185874,3.91127275582069,3.72132423547039,3.36987027708631,3.81904409737329,3.43222424487989,3.66511516442223,3.22717627733482,3.10300905231979,2.68541040742609,2.68762391459644,2.30365358703698,5.52113619924154,1833277.0,6.27454162722711,1314402.0,4.729131366827,3147679.0,2.169225891261,1.82072470598191,1.75744815540605,1.37790377657156,1.22627876577845,0.875468704904977,1.12158881478161,0.655034179368552,2.44906941349611,29217704.0,51.2488404959538,27793740.0,48.7511595040462,57011444.0,1.065,57436347,,,
1984,82.5142774860375,10.0604016898461,72.4538757961914,14.1577743654144,15.6172735708363,39.6976478629091,11383621.0,38.0344923938336,11802531.0,41.4456394831439,23186151.0,12.6471409079581,13.790978512954,11.2295771204611,12.0373873993537,9.77604909152368,10.0998522165213,54.7902345415278,16668623.0,55.6925273195758,15332635.0,53.841916573453,32001257.0,9.43928860832652,9.56349909433479,8.49989654099441,8.63127046718833,6.66524411230052,6.59531246024771,4.51093459616691,4.15390811178702,3.67273789882962,3.31448025432475,3.65945177786274,3.28512336801303,3.68607914892915,3.24246984892388,3.06711597689374,2.64841604761884,2.71572956774851,2.30758470449335,5.51211759556306,1877486.0,6.27298028659063,1341969.0,4.71244394340308,3219455.0,2.13747174256072,1.79037149963245,1.77427433439173,1.38907410083694,1.20743826313964,0.861039933635177,1.15379594649855,0.67195840929852,2.41813804404847,29929729.0,51.2435139685554,28477135.0,48.7564877435722,58406863.0,1.065,58762040,,,
1985,82.2862244164493,10.0465665401582,72.2396578762911,14.0687228423303,15.5208573708425,39.6297959582513,11632730.0,37.960058160871,12070372.0,41.384146701359,23703101.0,12.5951593259745,13.7351418300257,11.2961759925661,12.1281475004908,9.63267072518806,9.96765810190339,54.8587801871296,17087175.0,55.759064108335,15724583.0,53.9128749266435,32811757.0,9.27177911399762,9.35715958245538,8.60087099030441,8.71809762350023,6.79450885044956,6.75861001615355,4.84273963834088,4.51878858719334,3.65008152481258,3.28332639990211,3.5258673795609,3.15923949525169,3.65872577204157,3.21748751755236,3.0566143045225,2.63293986518269,2.72520580911688,2.29956773754879,5.51142385461908,1924754.0,6.28087773079406,1371702.0,4.70297837199743,3296455.0,2.12817189867154,1.77501667957781,1.77386381665607,1.38746110262796,1.2016662088381,0.856776328022937,1.17717580662835,0.683724261768717,2.37614236133263,30644658.0,51.235554718553,29166656.0,48.7644469533715,59811313.0,1.065,60093068,,,
1986,81.9181204376618,10.0475257696086,71.8705946680531,13.9367722020303,15.3755578590938,39.5071111707674,11866186.0,37.8341891407276,12320506.0,41.2644264664263,24186691.0,12.5642632719095,13.7051774347776,11.3331536667877,12.1836911725549,9.59509266417668,9.95331818356892,54.9697847266157,17519862.0,55.8603903259688,16133249.0,54.034251083063,33653111.0,9.17114657306789,9.23164737779013,8.59288812218409,8.6802473084607,6.95846936856775,6.94985003742784,5.09380961069352,4.811137588776,3.65598623183537,3.27937583417204,3.41605248048637,3.05260496124083,3.58843352373683,3.15627422971486,3.07238242223503,2.64033599654358,2.71612932898531,2.27945956536811,5.5231041026169,1977611.0,6.30542053330355,1403695.0,4.70132245051068,3381305.0,2.14001189115141,1.77328104041035,1.76014707468349,1.37547412789773,1.20971541664106,0.861349512433245,1.19554615082759,0.691217769769354,2.32971920136212,31363658.0,51.2301386513641,29857450.0,48.7698629820594,61221107.0,1.064,61439826,,,
1987,81.3307681561921,10.0604799863345,71.2702881698576,13.7488015728849,15.1673986381835,39.3040236002142,12073797.0,37.632158926708,12542623.0,41.0599904557123,24616419.0,12.5611197828681,13.7059097407632,11.322237570955,12.1866820767656,9.66661908282456,10.0590195769201,55.1478384332945,17973357.0,56.0201762763171,16566169.0,54.2316181414141,34539525.0,9.03799185381246,9.08341856382777,8.49052416615031,8.53991140066064,7.15717504079951,7.16888290504481,5.36545793318231,5.13183794156346,3.6909700620751,3.30311739416558,3.33215256834307,2.96818180664969,3.47535759569027,3.05729510696894,3.11939357406186,2.67562508250587,2.68453439937763,2.24432836310719,5.54813796649132,2036567.0,6.34766479697491,1438276.0,4.70839140287361,3474842.0,2.17376445125441,1.78534322484474,1.732507951073,1.35317571809471,1.23270306560461,0.875710900890896,1.20868932904289,0.69416155904327,2.27649466415563,32083720.0,51.2267553016698,30547068.0,48.7732462949891,62630787.0,1.064,62826491,,,
1988,80.4643959846972,10.0640059139611,70.4003900707361,13.5178978114509,14.9081219333148,39.010680520796,12249824.0,37.346562498447,12731645.0,40.7580814061942,24981470.0,12.5596642748976,13.7052336504786,11.2690004120985,12.1447258224009,9.79755830468811,10.2322968000846,55.4125922189921,18453127.0,56.2588369711388,17031719.0,54.5239960922117,35484846.0,8.80904922917572,8.84680037751255,8.43096398163596,8.44338113641574,7.3505581805738,7.37381505912183,5.67026500616288,5.48428188308219,3.76723221757584,3.3750692725802,3.27456150163015,2.90735790609546,3.33784882608316,2.93523020553728,3.17562065617052,2.71991577196954,2.64517906744267,2.20584767981235,5.57672726021188,2097455.0,6.39460053041415,1473743.0,4.71792250159402,3571197.0,2.21555939839405,1.80193703597455,1.70110084304747,1.32801190584006,1.26051789540294,0.893415001587695,1.21742239356969,0.694558558191704,2.22121055658214,32800407.0,51.2206126552633,31237107.0,48.7793873447367,64037514.0,1.063,64211347,,,
1989,79.4608632407538,10.0541800723826,69.4066831683711,13.2579409107675,14.6113180853107,38.6751078059395,12411726.0,37.0237299248397,12907460.0,40.4082231046821,25319186.0,12.536645337978,13.6783383585626,11.2291436760943,12.1185666608088,9.92028924010637,10.4102788198057,55.722456115458,18952296.0,56.534013767273,17527168.0,54.8707292040889,36479464.0,8.63443792981713,8.68416371957554,8.35092362255306,8.32530971008343,7.50403781443609,7.52433685421051,5.87804510271165,5.72850776291908,3.97576431364015,3.59640262219276,3.23874702990019,2.86611894242794,3.20654891814613,2.81567855246099,3.20150323480057,2.7382460421927,2.62371656116172,2.18168617822022,5.60243607860254,2159683.0,6.44225630788721,1508028.0,4.72104769122905,3667711.0,2.24739628271994,1.81037860174149,1.68432755269741,1.31065966008994,1.27961840733296,0.903663128445911,1.23091406513689,0.696346300951716,2.2067370311388,33523705.0,51.2075277866751,31942656.0,48.7924722133249,65466361.0,1.063,65868481,-1.72,511940.0,2015901.0
1990,78.4249206812083,10.0351444164114,68.3897762647969,12.9879993329459,14.3009891729516,38.3297226787422,12568698.0,36.6946843194647,13078721.0,40.044438059569,25647419.0,12.4871190364525,13.6208345997707,11.2195659500662,12.1226142868467,10.0186044089097,10.5691330605697,56.0459826908867,19461094.0,56.8172353598449,18040737.0,55.2371461235595,37501832.0,8.53387629183335,8.6155586575681,8.22566303679634,8.16525653895803,7.61791044845839,7.62104133256678,6.01142335931792,5.88935104732114,4.27980816122902,3.92500829059136,3.22438515879437,2.84445129879604,3.09672435812395,2.71229478700536,3.18472043287511,2.72084027328777,2.62411970350661,2.1742108368952,5.62429463037111,2222304.0,6.48808032069045,1541059.0,4.71841581687148,3763363.0,2.26468330580412,1.80886297666384,1.68589682803645,1.30368879341377,1.2870686804101,0.904987205193353,1.25043150643978,0.700876841600517,2.18510462921386,34252096.0,51.1892967025514,32660517.0,48.8107032974486,66912613.0,1.063,67265921,-1.14,503713.0,1985192.0
1991,77.300389024927,10.0058928237493,67.2944962011777,12.7165195537927,13.9925235463739,37.9550751461187,12711830.0,36.3392811684458,13233811.0,39.648474136611,25945642.0,12.3966970263226,13.5166556678579,11.2260645883305,12.1392949223792,10.0917390410321,10.6951279106984,56.401455583932,19984041.0,57.1283314870434,18571329.0,55.6396685383367,38555370.0,8.53033262692053,8.6596751852583,8.15951093170305,8.07869420736029,7.63543873849328,7.60821463163438,6.17705693236633,6.07582146451164,4.51449263989674,4.19225686058874,3.23558559551377,2.846897870046,3.00716992839791,2.62515056014531,3.13065709483184,2.67283936173614,2.64634795788784,2.18499048635747,5.64346926994936,2285092.0,6.53238734451078,1572717.0,4.71185732505235,3857809.0,2.2670216368829,1.79776520703531,1.70427412189882,1.30650988168593,1.28497320099507,0.899455588176317,1.27611838473401,0.708126648154793,2.13831120512174,34980963.0,51.1725670513329,33377857.0,48.8274329486671,68358820.0,1.063,68657380,-1.12,495607.0,1951045.0
1992,76.0573539019983,9.96165745525473,66.0956964467436,12.4361884527968,13.6791472869047,37.5421388670143,12834244.0,35.9478526846127,13365944.0,39.2120104604325,26200188.0,12.2555339006118,13.3567646066922,11.2561303312041,12.1760985668356,10.1229808286806,10.7704172580385,56.7996717522406,20521455.0,57.4792127385071,19118324.0,56.0879135986195,39639779.0,8.62748167531847,8.81695221520249,8.06503759943941,7.97630641247677,7.56945178522202,7.5057588662278,6.37561587606702,6.28835231671232,4.77007088096109,4.48663568545107,3.27361801004157,2.87445971596815,2.94015157639009,2.55724772671855,3.03961269375942,2.59327094052463,2.69519181262747,2.21851246129921,5.65818938074508,2346695.0,6.5729345768802,1602084.0,4.70007594094804,3948779.0,2.25101291526837,1.77487891158554,1.74026005090863,1.31932270197221,1.27305888787178,0.887372713540626,1.30860272283142,0.71850161384966,2.07021824643611,35702394.0,51.1578091522405,34086353.0,48.8421908477595,69788747.0,1.063,70014147,-1.36,488196.0,1918292.0
1993,74.6535437762092,9.91506079369248,64.7384829825167,12.1278391488491,13.3398196301039,37.0668015821619,12922128.0,35.495828368135,13460689.0,38.7115472158778,26382817.0,12.0791090948479,13.1596634131363,11.288880124438,12.2120641726375,10.1163894265836,10.8001715874836,57.2562104165263,21072808.0,57.884953314397,19680104.0,56.5979419452569,40752912.0,8.78031243188969,9.03625058801297,7.88617637282678,7.80043332281618,7.54256493990457,7.44410256746515,6.57195648296302,6.49149351541439,5.05852983542193,4.81237838732786,3.35042469931407,2.94609129297341,2.89709785196741,2.51098254512059,2.92832189502445,2.49551166036515,2.75317937850145,2.26052647827762,5.67698800131175,2409703.0,6.61921831746798,1630974.0,4.69051083886534,4040676.0,2.22974882719959,1.75030506790178,1.78412429504004,1.33602643777062,1.26010041275372,0.874235122995044,1.34524478247463,0.729944210197889,1.96885940402398,36404639.0,51.1470606024567,34771767.0,48.8529408025033,71176405.0,1.063,71338776,-1.02,481206.0,1868366.0
1994,73.0678688711411,9.88746961839155,63.1803992527495,11.7585848523968,12.9362376943751,36.5061409355145,12961813.0,34.959085992002,13505536.0,38.1253909161879,26467349.0,11.8905787477651,12.9520927672934,11.3099223918401,12.2370604545193,10.123035938618,10.8352633928752,57.7808005830313,21636244.0,58.3547467117399,20255464.0,57.1800706207785,41891709.0,8.92860978976143,9.2501569592937,7.76045862386705,7.69401818007899,7.5011340897042,7.37115226717733,6.73691291362954,6.6534339218417,5.26541812129907,5.04932200825974,3.54972538502782,3.15322014724286,2.87650513921756,2.48540724241043,2.82498141338937,2.40345290262093,2.7879652972259,2.28464359897762,5.71305848145422,2479037.0,6.686167296258,1662993.0,4.69453846303354,4142030.0,2.22476985689291,1.73934793658993,1.82164764344325,1.34837987704577,1.25928829885223,0.867680263096254,1.38046149706961,0.739130386301589,1.84401818051391,37077094.0,51.1400525622464,35423993.0,48.8599474377536,72501087.0,1.063,72635696,-0.73,474439.0,1807117.0
1995,71.2541055277945,9.87718824109043,61.3769172867041,11.2972342607528,12.4301310534621,35.8396763746222,12943846.0,34.3211921113668,13491180.0,37.4284543416211,26435026.0,11.706799879588,12.7505907400868,11.317157971026,12.2477325480722,10.1634945392356,10.8980915280894,58.3927601729958,22214833.0,58.9036340725567,20855147.0,57.8582368887064,43069980.0,9.06391599968595,9.44850669165119,7.71096376003315,7.68226710805444,7.4270270247338,7.27407880619171,6.87393061526799,6.77896088476453,5.41239495008983,5.22172386562485,3.84109989911136,3.46220083940876,2.87887272421525,2.48125193411398,2.74306190729514,2.32856746747904,2.78887265288869,2.28258776332855,5.76756345238193,2555179.0,6.77517381607647,1698924.0,4.71330876967248,4254103.0,2.23974958383336,1.74369431157943,1.84913058088275,1.35481507182715,1.27326402742292,0.869060380949208,1.41302962393745,0.745739005316692,1.72029581633391,37713859.0,51.1311199389472,36045251.0,48.8688800610528,73759110.0,1.063,73885200,-0.69,468057.0,1738387.0
1996,69.1873228330637,9.88202603689429,59.3052967961694,10.7436133137267,11.8215751602728,35.0530379034572,12861483.0,33.5701338354248,13409524.0,36.6038696031073,26271007.0,11.5296811638295,12.5572830972111,11.2968393578685,12.2250113456233,10.2293434496377,10.9840278763784,59.1060835924734,22812595.0,59.5438216960109,21485316.0,58.6482939473135,44297910.0,9.18911686744391,9.63370386672191,7.75934023030424,7.78475248948246,7.41475487309839,7.25286382559146,6.93232989173862,6.81660309464356,5.59547255321127,5.42500750767647,4.07657305055053,3.72399860944033,2.90697279864173,2.50116486191492,2.68070199323569,2.26932530108741,2.75921598814876,2.25684651437652,5.84087850406948,2638201.0,6.88604446856436,1739331.0,4.74783644957922,4377531.0,2.27526930139732,1.76424494175458,1.86586138260951,1.35515419954711,1.30087931602501,0.877702417200902,1.44403446853252,0.750734891076625,1.59693188161723,38312278.0,51.1195380466863,36634171.0,48.8804632875997,74946448.0,1.064,75076986,-0.64,462329.0,1674571.0
1997,66.9612887242163,9.90313301606155,57.0581557081547,10.1459428746777,11.1645479178653,34.1744825368407,12722748.0,32.7305523723908,13269886.0,35.6837894304891,25992634.0,11.3487160972369,12.362549339582,11.2358934004762,12.1566921730418,10.3223576919531,11.0927440948804,59.8941233511744,23422100.0,60.255713180525,22132534.0,59.5161618433753,45554634.0,9.28209823795365,9.77912431981394,7.90473159952385,7.99478237743474,7.38075068904542,7.22129800025197,6.91911161506647,6.77799235144882,5.81372162524162,5.65732484641654,4.3358679111469,4.01525273254259,2.96098511884181,2.5449187339756,2.63880159196657,2.22730473344021,2.69728709978563,2.20541965317049,5.93139411198494,2726321.0,7.01373444708428,1785015.0,4.80004872613559,4511336.0,2.33443461230699,1.80451945663905,1.86737506832828,1.34746454010609,1.34138624288316,0.893612318246741,1.47053852356585,0.75445241114371,1.47303034216213,38871168.0,51.1068655836342,37187435.0,48.8931344163658,76058603.0,1.064,76214807,-0.56,457443.0,1611844.0
1998,64.6548969490765,9.9267754272234,54.7281215218531,9.55716625248268,10.5175890477719,33.2380766216491,12545136.0,31.8354361983068,13090869.0,34.703332974217,25636005.0,11.1382461533749,12.1368201938465,11.1400237924492,12.0489237325986,10.4171286550991,11.1973514605077,60.7330862921112,24044457.0,61.0169397330488,22798015.0,60.4365612165391,46842472.0,9.34080308861046,9.88304401140293,8.10366018676833,8.26451536897718,7.26937140944028,7.12386814732875,6.94177067240397,6.77628922409241,6.03239472509903,5.88398897159404,4.62795327420499,4.33800112103677,3.05057076108037,2.62839751972206,2.61744728770406,2.20342257656919,2.61583967263831,2.13768281530803,6.02883708623968,2816607.0,7.14762406864433,1833340.0,4.86010580924391,4649947.0,2.40106382245768,1.85165911744758,1.86346059583848,1.33826547448528,1.38685157902629,0.911892151427763,1.49624807132187,0.758289065883284,1.39677414492004,39406200.0,51.0916701733721,37722224.0,48.9083298266279,77128424.0,1.065,77303765,-0.28,453261.0,1541776.0
1999,62.3687202590161,9.93666590723617,52.4320543517799,9.02973628098285,9.94545220662804,32.2919672782836,12341669.0,30.9229177152999,12886015.0,33.721867110635,25227684.0,10.8653106504743,11.8477535566016,11.0278707838428,11.9286613474053,10.4938423485791,11.2826695430974,61.5882167454828,24666479.0,61.8035927720016,23448523.0,61.3632678812937,48115002.0,9.40099411499219,9.97536901176657,8.2910203099756,8.51701373706575,7.19878844662599,7.07772414499586,6.94616684986978,6.75689048569051,6.22094963761564,6.07096293918375,4.84599801704174,4.58136799851536,3.25171630923415,2.832385041006,2.61482169473903,2.19591364757048,2.53929504332845,2.07297133240205,6.11981597623364,2902928.0,7.27348951269844,1878100.0,4.91486500807135,4781027.0,2.44685454115909,1.88407308666074,1.87238745774763,1.33942864685613,1.42657638629997,0.926857009722425,1.52767112749175,0.764506264832054,1.28217576188593,39911077.0,51.0870201471351,38212637.0,48.912981132886,78123713.0,1.068,78374934,-0.31,450768.0,1550591.0
2000,60.1890418327438,9.93180222397576,50.257239608768,8.63148638149731,9.5173088548488,31.3737065978109,12121828.0,30.0423930401777,12663759.0,32.7634711686563,24785586.0,10.5054834465106,11.4616486477075,10.9054232121697,11.7845136661,10.512279141163,11.2732098201426,62.4262418890097,25246249.0,62.5695852365987,24071194.0,62.2766050849649,49317444.0,9.45131680338851,10.0402278625934,8.44252666405545,8.75081037065393,7.18572960629879,7.11541396001963,6.91757352758214,6.7140304996892,6.38780551009396,6.23098516907221,5.01566876029577,4.77795287837913,3.54326453473185,3.13774818660405,2.63292274648371,2.21078221278004,2.48049794250555,2.02544412503073,6.20005151317939,2980999.0,7.3880217232236,1917113.0,4.95992374637878,4898111.0,2.46355951249045,1.8954161467074,1.89882291232642,1.35273234812338,1.45871122302776,0.937789457360443,1.56692807537897,0.773985794187561,1.11686737378671,40349076.0,51.0740414360086,38652066.0,48.9259585639914,79001142.0,1.07,79451866,-0.38,449923.0,1557964.0
2001,58.1194822672937,9.91030461193809,48.2091776553556,8.37654067666974,9.24457586258852,30.4890815894878,11897332.0,29.2037035998359,12438375.0,31.8290756979974,24335707.0,10.0515056529019,10.965954151545,10.7756572702643,11.6185456838638,10.461050576681,11.1531496886689,63.2433133488753,25790626.0,63.3067815001063,24688781.0,63.177148415749,50479407.0,9.48326069042163,10.067761798154,8.56054072154062,8.97011657719242,7.25125128805861,7.2635814292078,6.94239459587745,6.74104938511703,6.48350398236997,6.31437529479008,5.22402662080052,5.0125265311069,3.78931597210107,3.41055229739733,2.6746355508583,2.25087321324459,2.43680150139717,1.99316220086996,6.26760506163686,3051162.0,7.4895149000578,1951500.0,4.99377588625361,5002663.0,2.45233080080853,1.8864991160392,1.94248302439421,1.37759855405467,1.48192202627448,0.943662187358746,1.61277904858059,0.786016028800991,1.02839410111569,40739120.0,51.0401586353376,39078656.0,48.9598401118087,79817777.0,1.073,80525732,-0.48,453115.0,1561806.0
2002,56.1916619824067,9.86816592425456,46.3234960581521,8.23327164772419,9.09792878993344,29.658110727684,11685399.0,28.409908148198,12231587.0,30.9575080803359,23916985.0,9.53717996530608,10.4040851928703,10.6394565351677,11.4554940975321,10.3675865113286,10.9911031233833,64.0239041769489,26331990.0,64.0191617991691,25298364.0,64.0288410623821,51630354.0,9.52150581625319,10.0786204795167,8.63195834999081,9.127177689259,7.39519456652839,7.50508685725961,6.93542439010645,6.74869915922037,6.50340915173132,6.31770151157193,5.46050568471141,5.2680718632789,4.05661297441971,3.7090383325599,2.738833265893,2.31061242776153,2.40813108820618,1.97272961857084,6.31798509536706,3114031.0,7.57093005263288,1980938.0,5.01365085728204,5094969.0,2.40931266668295,1.85491905604704,2.00478979335979,1.41594132969194,1.49210143355252,0.942590800001878,1.66472615903762,0.800199671541175,1.02771758753322,41131420.0,51.0047653894033,39510889.0,48.9952358506406,80642308.0,1.076,81617017,-0.47,456993.0,1607870.0
2003,54.3859500525248,9.80986532432687,44.5760847281979,8.16100805579676,9.03438146391664,28.8731481324255,11483449.0,27.6523976915738,12041187.0,30.1421778323649,23524636.0,9.01658790026744,9.83657377586785,10.4748017355096,11.2712225925804,10.2492278677495,10.811863768428,64.7727339046443,26873432.0,64.7118163565375,25900687.0,64.836060670876,52774119.0,9.55131326295167,10.0610908473196,8.65813335914733,9.21729316145758,7.57939248494866,7.79485898461735,6.84553574395599,6.68655971194728,6.54929606293221,6.34656241371197,5.6934597641198,5.51232466425167,4.35397826904637,4.03482260028543,2.83538569047382,2.40496609032483,2.39609385121217,1.9657184285322,6.35411796293022,3170978.0,7.63578595188868,2006092.0,5.02176149675911,5177070.0,2.34631883270653,1.80902458747304,2.07236780320488,1.45823575066009,1.49743449337385,0.93974249927052,1.71966482260343,0.814758659355472,1.02829255325908,41527860.0,50.969548329213,39947965.0,49.030451670787,81475825.0,1.082,82699693,-0.31,460259.0,1538733.0
2004,52.6663321819633,9.743216312096,42.9231158698673,8.12511731584985,9.01618977520149,28.1156398513877,11283815.0,26.9144476799903,11858513.0,29.3625839321765,23142328.0,8.54291946438271,9.32275649290339,10.2464108997577,11.0236376640716,10.1254489338201,10.6383280067155,65.5023273161894,27416490.0,65.3945246684068,26499279.0,65.614236032169,53915769.0,9.56231854318697,10.0145907746647,8.68074259288639,9.2777921857905,7.74964219522986,8.0704474898752,6.78896141738334,6.6729512783957,6.57417539427815,6.35610513003882,5.89520650314694,5.71584132689164,4.58194281117751,4.28778785810439,3.03598958977655,2.60865530289618,2.40009668752098,1.9717366787963,6.38203283242292,3224444.0,7.69102765160297,2028686.0,5.02318003565451,5253130.0,2.28517888425735,1.76526410646653,2.12032756737944,1.48689246930619,1.51240263254054,0.943464295153442,1.77311856742563,0.827559164728353,1.02011634543028,41924749.0,50.9344235628999,40386478.0,49.0655764371001,82311227.0,1.088,83800250,-0.43,464354.0,1648993.0
2005,51.0060218353853,9.67143941308559,41.3345824222997,8.08544206844641,8.99882413852412,27.3728039170339,11081228.0,26.1856242061442,11677094.0,28.6034259435138,22758323.0,8.17854787644298,8.93076754407748,9.92163426125484,10.6738342609122,10.0100245798577,10.4856978944906,66.2225252215651,27961733.0,66.0752959327008,27097062.0,66.3751420529997,55058795.0,9.55597174846447,9.94824100458378,8.71602150792489,9.32409882331426,7.89352602178606,8.3119935139311,6.78356173071859,6.72609494514045,6.55907560622632,6.3312094373444,6.06547103154704,5.87854434994868,4.75436175679734,4.483194937384,3.31615639620631,2.89474028112039,2.42112555317204,1.99132686574208,6.40467086140102,3275023.0,7.73907986115501,2049955.0,5.02143200348647,5324978.0,2.2366980486759,1.73115953791181,2.13953722699874,1.49678946472601,1.53944600809542,0.954879324195458,1.82339857738494,0.838603676653196,1.00436180353196,42317983.0,50.8983842661169,40824111.0,49.1016145311229,83142095.0,1.095,84920497,-0.42,468798.0,1596652.0
2006,49.3690657760298,9.59460841002946,39.7744573660003,8.00714963720312,8.94559165920915,26.6283097763937,10867043.0,25.4498751738562,11487903.0,27.8481026313105,22354945.0,7.94299241150817,8.68212571888767,9.49973312514495,10.2203852532137,9.90758408665673,10.3603638818922,66.948265749226,28510228.0,66.7690137766255,27694047.0,67.1338087356055,56204274.0,9.52732108348357,9.85971071980332,8.75974703294201,9.35427354857593,8.01412508150801,8.51697498435925,6.85096827996035,6.8654506702055,6.58651732447671,6.35704758300089,6.15879272846055,5.95501749048043,4.95264274022525,4.69708610451638,3.54868615392924,3.14075230004239,2.46262926498302,2.02713145272928,6.42342447438039,3322518.0,7.7811110495183,2070063.0,5.01808863308399,5392580.0,2.20013850653922,1.70522957407786,2.13232669604058,1.49054913358589,1.57899375099957,0.974436119315054,1.86965209593893,0.847873806105188,0.969169266037147,42699789.0,50.8622673962917,41252012.0,49.137733794868,83951800.0,1.104,86014941,-0.42,472363.0,1605396.0
2007,47.8263782064547,9.51873494841711,38.3076432580376,7.90297735258746,8.87027208097655,25.9139424754778,10657703.0,24.7380356789857,11307543.0,27.1294100688728,21965246.0,7.81366330897686,8.55207284219503,9.02139501742138,9.70706514570123,9.80592692111105,10.249893606092,67.6469259432338,29056121.0,67.4433685863277,28282948.0,67.8573315395401,57339069.0,9.46763447280916,9.74553201968387,8.81530550498981,9.37198851497617,8.09341308667243,8.66215556816698,6.99383960919126,7.09076229285697,6.58372523970167,6.36359250132761,6.18010194244611,5.95592952958897,5.17698233986175,4.92887383110055,3.80120694948375,3.40898005370343,2.52523252006067,2.07962362204354,6.43913158128844,3368427.0,7.81859573468661,2089527.0,5.01325839158707,5457954.0,2.17711235860346,1.68882484647679,2.09763647328498,1.46682158342638,1.63347780543637,1.00339927876231,1.9103690973618,0.854212682921586,0.96076781166711,43082251.0,50.8271563612815,41680018.0,49.1728436387185,84762269.0,1.111,87113791,-0.4,476632.0,1612481.0
2008,46.4699802324177,9.45229994883995,37.0176802835778,7.80703892181579,8.80575216401203,25.2732199627789,10475133.0,24.0928750947373,11158046.0,26.4916502855414,21633179.0,7.75008270823754,8.49797496884134,8.53575346468395,9.18792315268807,9.67993200076471,10.1256448825301,68.2733757738757,29588651.0,68.0540927513544,28851475.0,68.4997342654836,58440126.0,9.38720786006098,9.61983997523214,8.86375740671127,9.36116757466712,8.12917899700208,8.74159956627758,7.17375050301145,7.35894316842677,6.50074557014128,6.30306128299735,6.22422727598074,5.97821107547276,5.3967136493616,5.14863860473768,4.08116392110278,3.70069354512637,2.61741556721751,2.16193459001562,6.45340426334536,3414352.0,7.85303215390835,2109584.0,5.008615448975,5523936.0,2.16843702775114,1.68306164150449,2.04509687351822,1.4317220178349,1.69115575699933,1.03436433418991,1.94834249563965,0.859467455445694,0.980254857535931,43478136.0,50.7938521055836,42119105.0,49.2061478944164,85597241.0,1.115,88230616,-0.39,481357.0,1648703.0
2009,45.3338569522221,9.39947720567259,35.9343797465495,7.71799119046596,8.74687022920127,24.7254017115344,10331525.0,23.5307285327679,11051726.0,25.9573974554284,21383250.0,7.71599832024955,8.48204511792865,8.09673902205235,8.72848210829847,9.51062919536191,9.97717503150601,68.807091943499,30113372.0,68.5851910565815,29393012.0,69.0359251952264,59506384.0,9.31587111363546,9.51890355315499,8.89916309016688,9.31493727376038,8.16020909148759,8.78233001401798,7.33560950238782,7.60576272764063,6.44321019095979,6.27933777539508,6.24141670797792,5.97312001515957,5.58097837947629,5.32327527311756,4.29327333192094,3.92258969848802,2.80483045320693,2.33849383298619,6.46750634496655,3461626.0,7.88408041065061,2131663.0,5.00667734934521,5593289.0,2.17242212899487,1.68688637734888,1.99228829830794,1.39778490668792,1.73035340854372,1.05454663787278,1.98901657480408,0.867459427435628,1.02939211623888,43906522.0,50.7690078884128,42576401.0,49.2309921115872,86482923.0,1.118,89350508,-0.38,485994.0,1626341.0
2010,44.4536250730647,9.36860895959064,35.085016113474,7.63660887513805,8.69160358802002,24.2880828333162,10235047.0,23.0712888393418,10995412.0,25.5420291116884,21230459.0,7.6735949004368,8.46335072778292,7.76108506376691,8.38707479588543,9.26387564562542,9.76239706317859,69.2263687554607,30615673.0,69.0121925960708,29895796.0,69.4470843402786,60511470.0,9.26829264444141,9.46327963323903,8.92497608604832,9.24791694205978,8.20293484606658,8.79961363408211,7.46777109595095,7.81292915084321,6.42828525670377,6.31003974011942,6.21378524479624,5.92689578374975,5.72875279022401,5.45205020299229,4.44942470421915,4.08745193379889,3.06409428199498,2.58451025621551,6.48554841122306,3511982.0,7.91651856458741,2157102.0,5.01088654803305,5669083.0,2.19020476018576,1.70048136964632,1.94883082131506,1.37098876389121,1.74391769175734,1.06055033216693,2.03356529132925,0.878866082328597,1.06742976658398,44362702.0,50.7518457743059,43048310.0,49.2481542256941,87411012.0,1.12,90458607,-0.36,490506.0,1632632.0
2011,43.8491967965091,9.3717866133202,34.4774101831889,7.59516360239921,8.67131920330231,23.9677461856679,10186847.0,22.7263739068485,10988445.0,25.2461578767086,21175292.0,7.59199676502934,8.40864044399825,7.53921353941997,8.16619822940802,8.91480559383282,9.43498684911784,69.5172458232788,31068763.0,69.3129420834972,30349109.0,69.7276454704407,61417873.0,9.23217200234888,9.4410270257814,8.92946964598651,9.16677911106107,8.25243238821736,8.79900840011895,7.57575542931065,7.98362705463364,6.48033980176134,6.41965208352666,6.22403233792723,5.92592220734936,5.80069567575217,5.49827011775725,4.62636455804119,4.26588453309722,3.27687465031908,2.79248808799736,6.51500799105331,3568289.0,7.96068400965427,2187663.0,5.02619665285069,5755952.0,2.22585721262382,1.72650374149772,1.9152394360513,1.35041716161921,1.735461458457,1.05501024842679,2.08412590252216,0.894265501306978,1.06749342269972,44823899.0,50.7349711259706,43525217.0,49.2650277421562,88349117.0,1.122,91568196,-0.35,499664.0,1641353.0
2012,43.4873097481726,9.41077674601097,34.0765330021616,7.5841036863845,8.6752464483577,23.7488126646004,10182095.0,22.4814018752101,11025910.0,25.0531156086259,21208005.0,7.48519483120256,8.33241630967123,7.41210335762301,8.04545285059693,8.49878814738649,9.02807201241587,69.6925747199575,31476825.0,69.4987772733076,30759568.0,69.8920132779421,62236393.0,9.19174296415357,9.43230732795105,8.90303561779699,9.06988283811821,8.31300809754568,8.78759330266055,7.6447435116662,8.09886895820106,6.60392967131524,6.61033562429816,6.20608079595166,5.90902440581127,5.80465727414883,5.47619567520962,4.82618116093984,4.46027509164764,3.5066100324031,3.01945804162873,6.55861261544209,3632272.0,8.01982085148233,2224655.0,5.05487111343199,5856928.0,2.28033187688754,1.76595694450639,1.89326324317912,1.33736132994645,1.70494958815668,1.03762013170921,2.14127614325898,0.913932707269937,1.07201322213276,45291192.0,50.717267064993,44010133.0,49.2827318152028,89301326.0,1.123,92697293,-0.34,509176.0,1688681.0
2013,43.3429574176114,9.50194196699094,33.8410154506204,7.5807924797244,8.68054541262778,23.6084251739618,10212050.0,22.3141454955284,11098741.0,24.9394105811722,21310792.0,7.38762596070175,8.26762775931952,7.34572705510226,7.99123740922485,8.06456587484145,8.59440592753448,69.7627580422877,31843658.0,69.5809345754653,31129606.0,69.9497380166021,62973264.0,9.12234225873253,9.40483209828052,8.85663655229715,8.97196964147441,8.36847442435629,8.75472498147309,7.67482738989255,8.15554272740469,6.76406208393008,6.84370788188254,6.11518405741289,5.83439094421432,5.83200317509579,5.47737424280079,5.02186516512643,4.64509440075932,3.76097359378014,3.26769517077794,6.62881678375049,3709210.0,8.10491992900632,2274473.0,5.11085140222575,5983683.0,2.36188337143002,1.83083116980003,1.88400532167451,1.33291777914298,1.66070327427765,1.01290210373185,2.19832796162414,0.934200349550882,1.07637953190022,45764918.0,50.6990853066565,44502820.0,49.300913585528,90267739.0,1.123,93859918,-0.32,518991.0,1726099.0
2014,43.4760035881462,9.74181507220812,33.7341885159381,7.5792597976455,8.68293403319109,23.5120771816643,10261154.0,22.1912230019431,11190209.0,24.8694456217146,21451362.0,7.30112105955027,8.21182794575762,7.31084214474735,7.97468364276585,7.6613083518817,8.18844354618797,69.6980666084667,32148303.0,69.5253364947153,31441079.0,69.8755717476805,63589382.0,8.98976547065564,9.31533513898294,8.80768922051786,8.89376921984514,8.4098167735476,8.70322481137688,7.70386053705135,8.18639780015073,6.9123338804138,7.06599125563025,6.05529424627349,5.80399819449856,5.84141523342926,5.46349871243567,5.18895632385625,4.79570319992017,3.95489645708832,3.45920986865222,6.789856209869,3830238.0,8.28344050334157,2364522.0,5.25498263060494,6194760.0,2.53152413304816,1.97913205696264,1.8874433066906,1.33670223960853,1.61819844242696,0.989716598056575,2.24627462117585,0.949431735977195,1.06639876535975,46239694.0,50.6816885672052,44995810.0,49.3183114327948,91235504.0,1.123,95031568,-0.31,528488.0,1724404.0
2015,43.7669273280517,10.0978305137312,33.6690968143204,7.57473350797516,8.67849374394122,23.4192224930748,10310422.0,22.0733190590536,11280086.0,24.8014764681296,21590509.0,7.22614457163914,8.16321621687582,7.27244097943931,7.95976650731253,7.34700656258271,7.87348529105564,69.5570272703589,32411118.0,69.3881322236111,31714477.0,69.7304838823513,64125596.0,8.76250665343606,9.12434415655945,8.76830628204789,8.84818687857989,8.43850137725123,8.64417100487649,7.74657613979481,8.20529265629044,7.03827000225595,7.26033392470918,6.04228601492564,5.83365745772293,5.81653937830615,5.42223092417116,5.32759686051481,4.91259305154996,4.10054295249587,3.60618853683618,7.02375023656627,3988346.0,8.53854871733528,2486947.0,5.46803964951911,6475294.0,2.76791503726058,2.18963156676197,1.90460317422088,1.34877557935082,1.58491818247261,0.97191034334612,2.28111232338121,0.957722160060209,1.04227094610537,46709887.0,50.6662096609057,45481510.0,49.3337892543944,92191398.0,1.123,96197851,-0.3,537898.0,1732638.0
2016,43.9727525314053,10.4124162227612,33.5603363086441,7.55213644451277,8.65060043704113,23.3101999501678,10350297.0,21.9418043516896,11357683.0,24.7148233868988,21707980.0,7.19082147450821,8.15018528039519,7.19884643266867,7.91403766946246,7.14052106643734,7.67135104487019,69.4575874800272,32686447.0,69.2926613628452,31996993.0,69.6268799637071,64683440.0,8.436388045511,8.82395610848652,8.73874909292587,8.83363406630708,8.44730563487208,8.57469565352306,7.79755113382822,8.21072392582448,7.14397017670733,7.42431233131983,6.09476969986519,5.93966899273491,5.82941716046411,5.42506929015231,5.39761696159227,4.95732200124805,4.26637239064182,3.76614654924063,7.23221256980496,4134842.0,8.76553428546513,2600267.0,5.65829664939417,6735109.0,2.96226634146101,2.36736448568764,1.93798552732555,1.37105599282323,1.56018711730603,0.958701004155309,2.30509529937254,0.961175166727984,1.00922663268309,47171586.0,50.6532204158495,45954943.0,49.3467795841505,93126529.0,1.122,97355565,-0.29,547502.0,1724644.0
2017,44.1828093509189,10.7726443890824,33.4101649618365,7.49385302438697,8.57927430324884,23.1720862648204,10374107.0,21.7850189087676,11415313.0,24.595246102851,21789419.0,7.18703159159653,8.16393843764048,7.1041342927841,7.85203336196165,7.02669369249644,7.56730835950354,69.3563953175271,32948682.0,69.1903104615767,32269251.0,69.526801819895,65217933.0,8.04977794218921,8.45307387290738,8.70837320991388,8.83569669438492,8.43014458340144,8.49431583656608,7.86222584854156,8.21007884731324,7.21588164073359,7.54068093699871,6.21712626568343,6.12390103708408,5.81806069354418,5.41581219019713,5.40666636364508,4.94325273642632,4.45536022142793,3.94268130851358,7.47151841765248,4297582.0,9.02467062965566,2728115.0,5.87795207725406,7025696.0,3.17295837026212,2.56193466619256,1.98843270210241,1.40465174833639,1.54519590613424,0.951134505197755,2.31808365115689,0.960231157527355,0.968719959338428,47620370.0,50.6421635933784,46412679.0,49.3578374700775,94033048.0,1.121,98482273,-0.27,557096.0,1688188.0
2018,44.4569748418446,11.2062663371353,33.2507085047093,7.40241364084151,8.4682457324974,23.0177243888372,10388281.0,21.6161049275781,11458838.0,24.4552932714297,21847119.0,7.19309496076949,8.18266815055206,7.02059632596708,7.80437938838024,6.97310065242644,7.52957837936264,69.224764220404,33184310.0,69.0504547296399,32519912.0,69.4035444862245,65704221.0,7.64813204128094,8.06020641549587,8.65338378244824,8.82366455596368,8.39692420802283,8.41603500270156,7.92508557591321,8.1928930363619,7.25387560628096,7.60622660758585,6.37652956518023,6.35109146227584,5.74062584692477,5.35679441314459,5.43994580388974,4.95341082321343,4.64285164727254,4.1136437901191,7.75751139075885,4485471.0,9.33344034278203,2877519.0,6.14116224234584,7362990.0,3.40738982990398,2.77603728969543,2.06334997511292,1.45945145568462,1.54086531351249,0.949982808063527,2.32183522425265,0.955690688902268,0.932840031984421,48058062.0,50.6330940754678,46856269.0,49.3669069781138,94914330.0,1.12,99578720,-0.26,567142.0,1682124.0
2019,44.7860298852059,11.6895205802077,33.0965093049982,7.29667515758395,8.33967993462926,22.8589111216817,10399277.0,21.4469895747804,11494237.0,24.3066573562857,21893514.0,7.20198011548481,8.20053068579656,6.94833430171161,7.76644673585984,6.95033272264972,7.52878185317769,69.0674366561731,33397942.0,68.8783752148947,32752581.0,69.2612951537081,66150523.0,7.27618051561034,7.69410029198789,8.53963832870716,8.75540950198741,8.36236044901817,8.35752467884139,7.97589388760167,8.15975855914111,7.29211941779832,7.6494244623265,6.52613848999355,6.56999982881649,5.69317849427665,5.33969791999982,5.45740297712749,4.95098341542652,4.80512993211164,4.25561464200331,8.07365222214524,4691065.0,9.67463521032494,3041614.0,6.4320474900062,7732679.0,3.58895880062406,2.94436587754593,2.2169593012811,1.58291667665413,1.54727173985517,0.954967138000035,2.32144536856461,0.949797797806095,0.904491214904611,48488283.0,50.6263787536837,47288433.0,49.3736212463163,95776716.0,1.118,100669666,-0.25,578096.0,1696549.0
2020,45.1811686601672,12.2350109069119,32.9461577532553,7.18520222800429,8.20182412548088,22.693134535111,10409359.0,21.277230834785,11523257.0,24.144531224832,21932616.0,7.2065553768308,8.20965211791878,6.88547322994988,7.73305498143235,6.9230193280899,7.52813590744237,68.8794569159397,33592717.0,68.6651294607084,32978373.0,69.0991569979209,66571089.0,6.98679669592701,7.41161699430758,8.33413306716556,8.59012481782134,8.33542797165813,8.32816260139945,8.01365800258028,8.11847255878498,7.3425346568872,7.68129510530991,6.65436701583301,6.76426758219536,5.68961513373992,5.37952484442101,5.44313256753888,4.92615710787109,4.94244502128845,4.37139947836781,8.42740854894926,4920452.0,10.0576397045067,3224528.0,6.7563117772471,8144980.0,3.72933618085591,3.0799556825835,2.4314422678943,1.75976873897715,1.56710425035894,0.968349484242472,2.32975700539753,0.948237871443977,0.906299234852032,48922527.0,50.6189266827583,47726158.0,49.3810733172417,96648685.0,1.116,101745119,-0.24,589513.0,1671872.0
2021,45.5567728591029,12.7407790973679,32.815993761735,7.07150660346813,8.05974116852548,22.5451502797145,10423975.0,21.1303186172298,11550338.0,23.9951249980628,21974314.0,7.19613503185088,8.19894309864932,6.86267698191082,7.73644073088798,6.86476386930003,7.50154883479967,68.7017158657313,33771034.0,68.4568684009725,33191173.0,68.9526451057007,66962208.0,6.80174068098105,7.23747411147198,8.03613609201805,8.32308567197243,8.320349072711,8.32999523476995,8.03521376684846,8.06973157366477,7.40312507078972,7.70327753013087,6.76567979393837,6.93306071237135,5.74926934869704,5.49138542052335,5.46502697522396,4.94181757565919,5.01556373046476,4.42126844033717,8.75313385455416,5136832.0,10.4128129817977,3394674.0,7.05222989623648,8531507.0,3.88628500952503,3.22290594439701,2.60567705331501,1.90465547062661,1.59685906724445,0.985499765187047,2.32399185171322,0.939168716025819,0.84418167703331,49331842.0,50.6133575349102,48136186.0,49.3866414391123,97468029.0,1.114,102789598,-0.23,594085.0,1648955.0
2022,46.000523709451,13.3108072842899,32.6897164251611,6.96286186199117,7.92226804288443,22.3901369242335,10427717.0,20.9874160944742,11556454.0,23.8271087133512,21984171.0,7.156780343572,8.15069084506262,6.86777388891102,7.75414982540412,6.77660355239772,7.44131276927443,68.4929044881527,33885450.0,68.1997821963132,33365580.0,68.7931840984634,67251030.0,6.70426463974142,7.15676362199663,7.6917374911389,8.01768612843525,8.31002467044329,8.36854279383821,8.03199021462339,8.01708202076079,7.47599375863034,7.71980640720105,6.84431536694604,7.05463746709817,5.87259658707538,5.66886806870849,5.46043465317298,4.93593185541724,5.03182126214376,4.41255296573313,9.11695858761381,5372402.0,10.8128017092126,3579253.0,7.37970718818547,8951655.0,4.06652688295194,3.3792628700836,2.79508726965658,2.06172877369493,1.64050553230562,1.00976288516052,2.31068202429846,0.928952659246417,0.734794057662508,49685569.0,50.6030756295934,48501287.0,49.3969243704066,98186856.0,,103808319,-0.22,599241.0,1628447.0
2023,,,,,,,,,,,,,,,,,,,,,,,,,,,,,,,,,,,,,,,,,,,,,,,,,,,,,,,,,,,,,,,104799174,-0.21,605189.0,1602691.0
